group,n,prevalence,flagged_rate,TPR,FPR,PPV
0,17979,0.05962511819344791,0.1198064408476556,0.5363805970149254,0.0933932690601526,0.2669452181987001
1,5283,0.06757524134014764,0.1444255158054136,0.5770308123249299,0.11307348761672757,0.2699868938401048
2,3961,0.0848270638727594,0.1921232012118152,0.5952380952380952,0.15475862068965518,0.2628120893561104
3+,2655,0.08926553672316384,0.22749529190207157,0.679324894514768,0.18320926385442515,0.26655629139072845
