group,n,prevalence,flagged_rate,TPR,FPR,PPV
0,17979,0.05962511819344791,0.17114411257578285,0.710820895522388,0.13692553380256697,0.24764380890477738
1,5283,0.06757524134014764,0.20442930153321975,0.6862745098039216,0.1695087291920422,0.22685185185185186
2,3961,0.0848270638727594,0.2317596566523605,0.7321428571428571,0.18537931034482757,0.2679738562091503
3+,2655,0.08926553672316384,0.25536723163841807,0.7257383966244726,0.20926385442514475,0.2536873156342183
