group,n,prevalence,flagged_rate,TPR,FPR,PPV
45–54,7462,0.07611900294827124,0.2223264540337711,0.721830985915493,0.1811720336524514,0.24713682941531043
55–64,6848,0.05169392523364486,0.14106308411214954,0.6384180790960452,0.11395133969818294,0.23395445134575568
65+,6232,0.02471116816431322,0.06450577663671374,0.5064935064935064,0.05330700888450148,0.19402985074626866
35–44,5687,0.08528222261297697,0.26463864955160893,0.734020618556701,0.22087658592848905,0.23654485049833887
25–34,3259,0.12089598036207426,0.3307763117520712,0.8020304568527918,0.26596858638743454,0.29313543599257885
18–24,390,0.12051282051282051,0.36666666666666664,0.8297872340425532,0.3032069970845481,0.2727272727272727
